                  epoch,         train/box_loss,         train/seg_loss,         train/cls_loss,         train/dfl_loss,   metrics/precision(B),      metrics/recall(B),       metrics/mAP50(B),    metrics/mAP50-95(B),   metrics/precision(M),      metrics/recall(M),       metrics/mAP50(M),    metrics/mAP50-95(M),           val/box_loss,           val/seg_loss,           val/cls_loss,           val/dfl_loss,                 lr/pg0,                 lr/pg1,                 lr/pg2
                      0,                 3.2791,                 11.547,                 4.3333,                 4.3306,                      0,                      0,                      0,                      0,                      0,                      0,                      0,                      0,                      0,                      0,                    inf,                      0,                 0.0982,                 0.0002,                 0.0002
                      1,                 3.3845,                 10.354,                 4.2476,                 4.2957,                      0,                      0,                      0,                      0,                      0,                      0,                      0,                      0,                      0,                      0,                    inf,                      0,               0.095499,             0.00049901,             0.00049901
                      2,                 3.2729,                 12.576,                 4.3427,                 4.3588,                      0,                      0,                      0,                      0,                      0,                      0,                      0,                      0,                      0,                      0,                    inf,                      0,               0.092797,             0.00079683,             0.00079683
                      3,                 3.3538,                 9.8583,                 4.2816,                  4.313,                      0,                      0,                      0,                      0,                      0,                      0,                      0,                      0,                      0,                      0,                    inf,                      0,               0.090093,              0.0010935,              0.0010935
                      4,                 3.4049,                  9.389,                 4.3111,                 4.3167,                      0,                      0,                      0,                      0,                      0,                      0,                      0,                      0,                      0,                      0,                    inf,                      0,               0.087389,              0.0013889,              0.0013889
                      5,                  3.383,                 7.1418,                 4.2336,                 4.2858,                      0,                      0,                      0,                      0,                      0,                      0,                      0,                      0,                      0,                      0,                    inf,                      0,               0.084683,              0.0016832,              0.0016832
                      6,                 3.3772,                 6.8347,                 4.3201,                 4.2429,                      0,                      0,                      0,                      0,                      0,                      0,                      0,                      0,                      0,                      0,                    inf,                      0,               0.081976,              0.0019762,              0.0019762
                      7,                 3.3899,                 6.4504,                 4.2171,                 4.2323,                      0,                      0,                      0,                      0,                      0,                      0,                      0,                      0,                      0,                      0,                    inf,                      0,               0.079268,              0.0022681,              0.0022681
                      8,                 3.4056,                 5.7352,                 4.2721,                 4.1996,                      0,                      0,                      0,                      0,                      0,                      0,                      0,                      0,                      0,                      0,                    inf,                      0,               0.076559,              0.0025588,              0.0025588
                      9,                 3.2869,                 5.6241,                 4.2506,                  4.193,                      0,                      0,                      0,                      0,                      0,                      0,                      0,                      0,                      0,                      0,                    inf,                      0,               0.073848,              0.0028483,              0.0028483
                     10,                 3.3234,                 5.5416,                  4.201,                 4.1948,                      0,                      0,                      0,                      0,                      0,                      0,                      0,                      0,                      0,                      0,                    inf,                      0,               0.071137,              0.0031366,              0.0031366
                     11,                 3.3458,                 5.3096,                 4.1378,                  4.166,                      0,                      0,                      0,                      0,                      0,                      0,                      0,                      0,                      0,                      0,                    inf,                      0,               0.068424,              0.0034238,              0.0034238
                     12,                 3.3532,                 5.2272,                 4.0944,                 4.1507,                      0,                      0,                      0,                      0,                      0,                      0,                      0,                      0,                      0,                      0,                    inf,                      0,                0.06571,              0.0037097,              0.0037097
                     13,                 3.3328,                 5.2006,                 4.0738,                 4.1339,                      0,                      0,                      0,                      0,                      0,                      0,                      0,                      0,                      0,                      0,                    inf,                      0,               0.062994,              0.0039945,              0.0039945
                     14,                 3.3108,                 5.2336,                 3.9614,                 4.1182,                      0,                      0,                      0,                      0,                      0,                      0,                      0,                      0,                      0,                      0,                    inf,                      0,               0.060278,               0.004278,               0.004278
                     15,                 3.3137,                 5.2341,                 3.7481,                 4.0826,                      0,                      0,                      0,                      0,                      0,                      0,                      0,                      0,                      0,                      0,                    inf,                      0,                0.05756,              0.0045604,              0.0045604
                     16,                 3.3236,                 5.1488,                 3.6286,                 4.0882,                      0,                      0,                      0,                      0,                      0,                      0,                      0,                      0,                      0,                      0,                    inf,                      0,               0.054842,              0.0048416,              0.0048416
                     17,                 3.3905,                 5.1595,                 3.4679,                 4.0377,                      0,                      0,                      0,                      0,                      0,                      0,                      0,                      0,                      0,                      0,                    inf,                      0,               0.052122,              0.0051216,              0.0051216
                     18,                 3.2887,                 5.0999,                 3.3992,                 4.0157,                      0,                      0,                      0,                      0,                      0,                      0,                      0,                      0,                      0,                      0,                    inf,                      0,                 0.0494,              0.0054004,              0.0054004
                     19,                 3.1208,                 5.1394,                 3.3406,                 3.9657,                      0,                      0,                      0,                      0,                      0,                      0,                      0,                      0,                      0,                      0,                    inf,                      0,               0.046678,               0.005678,               0.005678
                     20,                 3.1058,                 5.0875,                  3.223,                 3.9524,                      0,                      0,                      0,                      0,                      0,                      0,                      0,                      0,                      0,                      0,                    inf,                      0,               0.043954,              0.0059545,              0.0059545
                     21,                 3.1062,                 5.0173,                  3.072,                 3.9253,                      0,                      0,                      0,                      0,                      0,                      0,                      0,                      0,                      0,                      0,                    inf,                      0,                0.04123,              0.0062297,              0.0062297
                     22,                 3.0751,                 4.9703,                 2.9959,                 3.8928,                      0,                      0,                      0,                      0,                      0,                      0,                      0,                      0,                      0,                      0,                    inf,                      0,               0.038504,              0.0065038,              0.0065038
                     23,                 3.0475,                 4.9116,                 2.9754,                 3.8631,                      0,                      0,                      0,                      0,                      0,                      0,                      0,                      0,                      0,                      0,                    inf,                      0,               0.035777,              0.0067767,              0.0067767
                     24,                 2.9999,                 4.8748,                 2.8845,                 3.8022,                      0,                      0,                      0,                      0,                      0,                      0,                      0,                      0,                      0,                      0,                    inf,                      0,               0.033048,              0.0070484,              0.0070484
                     25,                 3.0324,                 4.9366,                 2.7826,                 3.7561,                      0,                      0,                      0,                      0,                      0,                      0,                      0,                      0,                      0,                      0,                    inf,                      0,               0.030319,              0.0073188,              0.0073188
                     26,                  2.886,                 4.9495,                 2.7638,                  3.734,                      0,                      0,                      0,                      0,                      0,                      0,                      0,                      0,                      0,                      0,                    inf,                      0,               0.027588,              0.0075882,              0.0075882
                     27,                 2.9378,                 4.8338,                 2.7912,                 3.6835,                      0,                      0,                      0,                      0,                      0,                      0,                      0,                      0,                      0,                      0,                    inf,                      0,               0.024856,              0.0078563,              0.0078563
                     28,                 2.9295,                 4.8623,                 2.6577,                 3.6483,                      0,                      0,                      0,                      0,                      0,                      0,                      0,                      0,                      0,                      0,                    inf,                      0,               0.022123,              0.0081232,              0.0081232
                     29,                 2.8741,                  4.777,                 2.6274,                 3.5839,                      0,                      0,                      0,                      0,                      0,                      0,                      0,                      0,                      0,                      0,                    inf,                      0,               0.019389,               0.008389,               0.008389
                     30,                 2.8485,                 4.7868,                  2.642,                 3.5962,                      0,                      0,                      0,                      0,                      0,                      0,                      0,                      0,                      0,                      0,                    inf,                      0,               0.016654,              0.0086535,              0.0086535
                     31,                 2.7438,                  4.537,                 2.5977,                 3.5371,                      0,                      0,                      0,                      0,                      0,                      0,                      0,                      0,                      0,                      0,                    inf,                      0,               0.013917,              0.0089169,              0.0089169
                     32,                   2.64,                 4.6413,                 2.5486,                 3.5084,                      0,                      0,                      0,                      0,                      0,                      0,                      0,                      0,                      0,                      0,                    inf,                      0,               0.011179,              0.0091791,              0.0091791
                     33,                  2.692,                 4.6373,                 2.4792,                 3.4514,                0.29485,                0.02439,                0.02213,                0.00764,                0.30119,                0.02805,                0.01959,                0.00293,                      0,                      0,                    inf,                      0,              0.0093466,              0.0093466,              0.0093466
                     34,                 2.6833,                 4.6005,                 2.6119,                 3.4981,                0.32578,                0.02439,                0.02915,                0.01065,                0.36587,                0.02439,                0.02193,                0.00307,                      0,                      0,                    inf,                      0,              0.0093466,              0.0093466,              0.0093466
                     35,                  2.748,                 4.6664,                 2.6486,                 3.5269,                0.43353,                0.02439,                0.04874,                0.02253,                0.43353,                0.02439,                0.02975,                0.01271,                      0,                      0,                    inf,                      0,              0.0093268,              0.0093268,              0.0093268
                     36,                 2.4747,                 4.5566,                 2.4083,                 3.3411,                0.43353,                0.02439,                0.04874,                0.02253,                0.43353,                0.02439,                0.02975,                0.01272,                      0,                      0,                    inf,                      0,               0.009307,               0.009307,               0.009307
                     37,                 2.6084,                 4.6029,                 2.5345,                 3.3757,                0.57072,                0.03659,                0.05557,                0.02906,                0.58649,                0.03659,                0.03136,                0.01182,                      0,                      0,                    inf,                      0,              0.0092872,              0.0092872,              0.0092872
                     38,                 2.6632,                 4.5568,                 2.5962,                 3.4155,                0.65832,                0.02439,                0.04325,                0.02118,                0.65832,                0.02439,                0.02764,                0.01282,                      0,                      0,                    inf,                      0,              0.0092674,              0.0092674,              0.0092674
                     39,                 2.4985,                 4.4855,                 2.3269,                 3.2713,                0.50819,                0.05277,                0.05149,                0.02937,                0.41704,                0.04288,                0.03377,                0.01468,                      0,                      0,                    inf,                      0,              0.0092476,              0.0092476,              0.0092476
                     40,                 2.6016,                 4.5705,                 2.4881,                 3.3732,                0.50819,                0.05277,                0.05149,                0.02937,                0.41704,                0.04288,                0.03377,                 0.0148,                      0,                      0,                    inf,                      0,              0.0092278,              0.0092278,              0.0092278
                     41,                 2.5802,                  4.659,                 2.5549,                 3.3352,                0.14246,                0.03338,                0.03768,                0.01823,                0.07098,                0.02439,                0.02307,                0.01024,                      0,                      0,                    inf,                      0,               0.009208,               0.009208,               0.009208
                     42,                 2.4577,                 4.5232,                 2.3906,                 3.2489,                0.65054,                0.06177,                 0.0551,                0.03031,                0.66391,                0.03428,                0.03357,                0.01257,                      0,                      0,                    inf,                      0,              0.0091882,              0.0091882,              0.0091882
                     43,                  2.387,                 4.3843,                 2.2487,                 3.1663,                0.69211,                0.05521,                0.05352,                0.02432,                0.61197,                0.04622,                 0.0399,                0.01877,                      0,                      0,                    inf,                      0,              0.0091684,              0.0091684,              0.0091684
                     44,                 2.4786,                 4.3766,                 2.3321,                 3.2297,                0.69211,                0.05521,                0.05352,                0.02432,                0.61197,                0.04622,                 0.0399,                0.01888,                      0,                      0,                    inf,                      0,              0.0091486,              0.0091486,              0.0091486
                     45,                 2.4107,                 4.3403,                 2.3125,                 3.1976,                0.62248,                0.06722,                0.04917,                0.02641,                0.84745,                0.03537,                0.02905,                0.01309,                      0,                      0,                    inf,                      0,              0.0091288,              0.0091288,              0.0091288
                     46,                 2.4697,                 4.3282,                 2.3534,                 3.2854,                0.38093,                0.07152,                0.04331,                0.01917,                 0.5924,                0.03659,                0.03168,                0.01253,                      0,                      0,                    inf,                      0,               0.009109,               0.009109,               0.009109
                     47,                 2.3793,                 4.2915,                   2.24,                 3.1817,                0.32525,                0.06079,                 0.0363,                0.01853,                0.28913,                0.04878,                0.02645,                0.01246,                      0,                      0,                    inf,                      0,              0.0090892,              0.0090892,              0.0090892
                     48,                 2.2623,                 4.2023,                 2.1133,                 3.0717,                0.32316,                0.03858,                0.02434,                0.01232,                0.28882,                0.02927,                0.01722,                0.00821,                      0,                      0,                    inf,                      0,              0.0090694,              0.0090694,              0.0090694
                     49,                  2.269,                 4.1423,                 2.1334,                 3.0308,                0.09107,                0.04512,                0.03155,                0.01215,                0.07675,                0.03659,                0.02409,                0.00771,                      0,                      0,                    inf,                      0,              0.0090496,              0.0090496,              0.0090496
                     50,                 2.4285,                 4.1123,                 2.3901,                 3.0642,                0.33106,                0.05437,                0.02785,                0.01322,                 0.2753,                0.03506,                 0.0173,                0.00573,                      0,                      0,                    inf,                      0,              0.0090298,              0.0090298,              0.0090298
                     51,                 2.2668,                 4.0527,                 2.1145,                 2.9894,                0.38646,                0.07184,                0.04152,                0.02305,                  0.354,                0.06285,                0.03336,                0.01023,                      0,                      0,                    inf,                      0,                0.00901,                0.00901,                0.00901
                     52,                 2.3095,                 4.0531,                 2.1805,                 2.9768,                0.38646,                0.07184,                0.04152,                0.02305,                0.34869,                0.06163,                0.03162,                0.00985,                      0,                      0,                    inf,                      0,              0.0089902,              0.0089902,              0.0089902
                     53,                 2.1864,                 4.0743,                 2.1921,                  2.963,                0.66387,                0.07755,                0.05857,                 0.0235,                0.81049,                0.03902,                0.03521,                0.01442,                      0,                      0,                    inf,                      0,              0.0089704,              0.0089704,              0.0089704
                     54,                 2.2112,                 4.0286,                  2.149,                 2.9432,                0.35127,                 0.0825,                0.03194,                0.01524,                0.33045,                 0.0744,                0.02725,                0.00916,                      0,                      0,                    inf,                      0,              0.0089506,              0.0089506,              0.0089506
                     55,                 2.2919,                 4.0512,                 2.2397,                  2.947,                 0.3915,                0.07652,                0.05209,                0.02248,                0.34189,                0.06269,                0.03042,                0.01109,                      0,                      0,                    inf,                      0,              0.0089308,              0.0089308,              0.0089308
                     56,                 2.3631,                 4.0706,                 2.1348,                 2.9648,                 0.3915,                0.07652,                0.05209,                0.02248,                0.34175,                0.06165,                0.03037,                0.01106,                      0,                      0,                    inf,                      0,               0.008911,               0.008911,               0.008911
                     57,                 2.1865,                 3.8286,                 2.0857,                 2.8513,                0.39396,                0.04096,                0.03042,                 0.0122,                 0.3497,                0.03736,                 0.0235,                0.00739,                      0,                      0,                    inf,                      0,              0.0088912,              0.0088912,              0.0088912
                     58,                 2.2532,                 3.8755,                 2.0244,                 2.8614,                0.37668,                0.09027,                0.04616,                0.02146,                0.33871,                  0.071,                0.03379,                0.01187,                      0,                      0,                    inf,                      0,              0.0088714,              0.0088714,              0.0088714
                     59,                 2.2683,                 3.9211,                 2.0781,                 2.8924,                0.43828,                 0.0703,                0.05161,                0.02376,                0.38965,                0.05367,                0.03862,                0.01652,                      0,                      0,                    inf,                      0,              0.0088516,              0.0088516,              0.0088516
                     60,                 2.0496,                 3.7025,                 1.9952,                 2.7912,                0.43828,                 0.0703,                0.05161,                0.02376,                0.39284,                0.05579,                0.03939,                0.01673,                      0,                      0,                    inf,                      0,              0.0088318,              0.0088318,              0.0088318
                     61,                 2.0614,                 3.5948,                 1.9802,                 2.7681,                0.41379,                0.07551,                 0.0496,                0.02071,                0.37414,                0.06465,                0.04345,                0.01299,                      0,                      0,                    inf,                      0,               0.008812,               0.008812,               0.008812
                     62,                 2.2864,                 3.6973,                 2.0485,                  2.894,                0.37507,                0.07852,                0.05117,                0.02497,                0.34609,                0.07074,                0.04336,                0.01803,                      0,                      0,                    inf,                      0,              0.0087922,              0.0087922,              0.0087922
                     63,                  2.045,                 3.5109,                 1.9045,                 2.7403,                0.52486,                0.09018,                 0.0843,                0.04158,                0.47016,                0.07396,                0.06783,                0.03212,                      0,                      0,                    inf,                      0,              0.0087724,              0.0087724,              0.0087724
                     64,                 2.0617,                 3.6466,                  1.924,                 2.7218,                0.52486,                0.09018,                 0.0843,                0.04158,                0.47016,                0.07396,                0.06765,                0.03205,                      0,                      0,                    inf,                      0,              0.0087526,              0.0087526,              0.0087526
                     65,                 2.1523,                 3.4232,                 1.9243,                 2.7287,                0.43729,                0.02061,                0.02422,                0.01322,                0.40032,                0.01759,                 0.0192,                0.00813,                      0,                      0,                    inf,                      0,              0.0087328,              0.0087328,              0.0087328
                     66,                 2.0712,                 3.4942,                  1.891,                 2.6556,                 0.4652,                 0.0294,                0.02588,                0.01269,                 0.4251,                0.02671,                0.02239,                0.01011,                      0,                      0,                    inf,                      0,               0.008713,               0.008713,               0.008713
                     67,                 2.1319,                 3.6932,                 1.9997,                 2.7367,                0.68359,                0.08481,                0.07401,                0.03391,                0.61864,                0.06465,                0.04997,                0.02382,                      0,                      0,                    inf,                      0,              0.0086932,              0.0086932,              0.0086932
                     68,                 2.0007,                 3.3802,                  1.898,                  2.647,                0.68359,                0.08481,                0.07401,                0.03391,                0.62063,                0.06662,                 0.0503,                 0.0239,                      0,                      0,                    inf,                      0,              0.0086734,              0.0086734,              0.0086734
                     69,                 2.1028,                 3.4716,                 1.9265,                 2.6881,                0.71246,                0.08205,                0.08137,                0.04991,                 0.6862,                0.08366,                0.07348,                0.03217,                      0,                      0,                    inf,                      0,              0.0086536,              0.0086536,              0.0086536
                     70,                 1.9429,                 3.3807,                 1.7807,                 2.5846,                0.70787,                0.08712,                0.08018,                0.04484,                0.67659,                0.08128,                0.06826,                0.02958,                      0,                      0,                    inf,                      0,              0.0086338,              0.0086338,              0.0086338
                     71,                 2.1668,                 3.4589,                 1.9156,                 2.6747,                0.77538,                0.09149,                0.08673,                 0.0583,                0.75852,                0.08821,                0.07989,                0.04135,                      0,                      0,                    inf,                      0,               0.008614,               0.008614,               0.008614
                     72,                 2.2229,                 3.5421,                 1.9336,                 2.7196,                0.77538,                0.09149,                0.08673,                 0.0583,                0.75852,                0.08821,                0.07989,                0.04111,                      0,                      0,                    inf,                      0,              0.0085942,              0.0085942,              0.0085942
                     73,                  2.072,                 3.4492,                 1.8254,                 2.5753,                0.87201,                0.07964,                0.08645,                  0.043,                 0.8226,                0.07522,                0.07986,                0.03866,                      0,                      0,                    inf,                      0,              0.0085744,              0.0085744,              0.0085744
                     74,                 2.0484,                 3.3011,                 1.8773,                 2.5932,                0.77907,                0.09271,                0.08704,                 0.0509,                0.75547,                0.08821,                0.07906,                0.04124,                      0,                      0,                    inf,                      0,              0.0085546,              0.0085546,              0.0085546
                     75,                 2.1125,                 3.5581,                  1.928,                 2.5975,                0.72012,                0.08584,                0.08623,                 0.0604,                0.70195,                0.08102,                0.08061,                0.04493,                      0,                      0,                    inf,                      0,              0.0085348,              0.0085348,              0.0085348
                     76,                 2.1863,                 3.3585,                 2.0541,                 2.7233,                0.61671,                0.01213,                0.02091,                0.01312,                0.59195,                0.01001,                0.01584,                0.00943,                      0,                      0,                    inf,                      0,               0.008515,               0.008515,               0.008515
                     77,                 2.1061,                 3.3794,                  1.998,                 2.6279,                0.82317,                0.07857,                0.08762,                0.05946,                0.80633,                0.07628,                0.08373,                0.04275,                      0,                      0,                    inf,                      0,              0.0084952,              0.0084952,              0.0084952
                     78,                 1.9981,                 3.3792,                 1.8431,                  2.531,                0.83318,                0.07274,                0.08269,                0.05692,                0.66922,                0.08276,                0.07493,                0.03821,                      0,                      0,                    inf,                      0,              0.0084754,              0.0084754,              0.0084754
                     79,                 1.9547,                 3.2251,                 1.7489,                 2.5468,                0.79447,                0.09149,                0.09602,                0.05905,                0.76829,                0.08455,                0.08722,                0.05208,                      0,                      0,                    inf,                      0,              0.0084556,              0.0084556,              0.0084556
                     80,                 2.0491,                 3.1307,                 1.8146,                 2.5624,                0.79447,                0.09149,                0.09602,                0.05905,                0.77149,                0.08577,                 0.0878,                0.05223,                      0,                      0,                    inf,                      0,              0.0084358,              0.0084358,              0.0084358
                     81,                 2.2076,                 3.2311,                 2.0091,                 2.6876,                 0.7705,                0.09181,                0.09423,                0.05818,                0.74685,                0.08348,                0.08843,                0.04479,                      0,                      0,                    inf,                      0,               0.008416,               0.008416,               0.008416
                     82,                 2.1087,                 3.2692,                 1.8077,                 2.5489,                0.66033,                0.08096,                0.10091,                0.06204,                0.62823,                0.07736,                0.09083,                0.05013,                      0,                      0,                    inf,                      0,              0.0083962,              0.0083962,              0.0083962
                     83,                 2.0821,                 3.2081,                 1.7785,                 2.4917,                0.84256,                0.08006,                0.10038,                0.06664,                0.82591,                0.07646,                0.08721,                0.04717,                      0,                      0,                    inf,                      0,              0.0083764,              0.0083764,              0.0083764
                     84,                 1.9851,                 3.1591,                 1.7786,                 2.4786,                0.84256,                0.08006,                0.10038,                0.06664,                0.82591,                0.07646,                0.08686,                 0.0471,                      0,                      0,                    inf,                      0,              0.0083566,              0.0083566,              0.0083566
                     85,                 1.9861,                 3.0749,                 1.7936,                 2.4508,                0.57462,                0.08539,                0.10861,                0.07262,                0.55184,                0.08108,                0.09715,                 0.0537,                      0,                      0,                    inf,                      0,              0.0083368,              0.0083368,              0.0083368
                     86,                 1.9817,                 3.1815,                 1.7885,                 2.4589,                0.47051,                0.09149,                0.09215,                0.06543,                0.45776,                0.08699,                0.08943,                0.04316,                      0,                      0,                    inf,                      0,               0.008317,               0.008317,               0.008317
                     87,                 2.0773,                 2.9612,                 1.8269,                 2.5134,                0.50731,                0.04424,                0.06985,                0.04173,                0.48605,                0.04154,                0.06115,                0.02768,                      0,                      0,                    inf,                      0,              0.0082972,              0.0082972,              0.0082972
                     88,                 1.8966,                 2.8474,                 1.6448,                 2.4029,                0.54396,                0.08295,                 0.1135,                0.07203,                 0.5255,                0.07857,                0.10255,                0.04983,                      0,                      0,                    inf,                      0,              0.0082774,              0.0082774,              0.0082774
                     89,                 2.1231,                 2.9037,                  1.853,                 2.5225,                0.53084,                 0.0764,                0.10875,                0.05362,                0.52147,                0.06824,                0.09565,                0.04181,                      0,                      0,                    inf,                      0,              0.0082576,              0.0082576,              0.0082576
                     90,                 1.8982,                 2.9837,                 1.6541,                 2.3526,                0.57206,                0.08905,                0.11091,                0.08218,                 0.5445,                0.08455,                0.10544,                0.05911,                      0,                      0,                    inf,                      0,              0.0082378,              0.0082378,              0.0082378
                     91,                 2.0795,                 3.0565,                 1.7885,                 2.4695,                0.57817,                0.05753,                0.07866,                 0.0551,                0.55533,                0.05393,                0.07041,                0.03932,                      0,                      0,                    inf,                      0,               0.008218,               0.008218,               0.008218
                     92,                 1.9704,                 3.0347,                 1.7182,                  2.426,                0.57969,                0.08295,                0.10485,                0.07508,                0.56058,                0.07846,                0.09579,                 0.0542,                      0,                      0,                    inf,                      0,              0.0081982,              0.0081982,              0.0081982
                     93,                 2.0115,                 2.9083,                 1.7439,                 2.4247,                0.66597,                0.11499,                0.12587,                0.08248,                0.63803,                0.11318,                0.11553,                0.06114,                      0,                      0,                    inf,                      0,              0.0081784,              0.0081784,              0.0081784
                     94,                 1.8776,                 2.7986,                 1.6443,                 2.3334,                0.23789,                0.01685,                0.03027,                0.01868,                0.21429,                0.01473,                0.02602,                0.01529,                      0,                      0,                    inf,                      0,              0.0081586,              0.0081586,              0.0081586
                     95,                 1.8418,                 2.8981,                 1.6297,                 2.3272,                0.22848,                0.01775,                0.03326,                 0.0215,                0.04263,                0.02459,                0.03644,                0.01566,                      0,                      0,                    inf,                      0,              0.0081388,              0.0081388,              0.0081388
                     96,                 1.9352,                 2.8645,                 1.5445,                 2.2913,                0.70434,                0.11767,                0.13874,                0.09548,                 0.6912,                0.11742,                0.13928,                0.07237,                      0,                      0,                    inf,                      0,               0.008119,               0.008119,               0.008119
                     97,                 2.1047,                 2.8795,                 1.7421,                  2.402,                0.14233,                0.02247,                0.03507,                0.01666,                0.12296,                0.02125,                0.03258,                0.01434,                      0,                      0,                    inf,                      0,              0.0080992,              0.0080992,              0.0080992
                     98,                 2.0006,                 2.6956,                 1.6339,                  2.306,                0.36505,                0.12203,                0.13589,                0.08051,                0.31021,                0.13022,                0.13887,                0.06539,                      0,                      0,                    inf,                      0,              0.0080794,              0.0080794,              0.0080794
                     99,                 2.1387,                 2.8931,                 1.6757,                 2.3806,                0.48874,                0.10548,                 0.1487,                0.07993,                0.28309,                0.13355,                0.14638,                0.07229,                      0,                      0,                    inf,                      0,              0.0080596,              0.0080596,              0.0080596
                    100,                 2.0282,                 2.7519,                  1.651,                 2.3209,                 0.1161,                 0.0302,                0.04497,                0.02059,                0.12525,                0.03052,                0.04266,                0.01747,                      0,                      0,                    inf,                      0,              0.0080398,              0.0080398,              0.0080398
                    101,                 1.9081,                 2.6744,                 1.5556,                 2.2396,                0.25168,                0.16427,                0.14682,                0.06565,                0.23986,                0.18209,                0.15273,                0.07103,                      0,                      0,                    inf,                      0,                0.00802,                0.00802,                0.00802
                    102,                 2.0156,                 2.5538,                  1.588,                 2.3382,                0.19008,                0.19908,                0.13999,                0.08139,                0.21509,                0.17742,                   0.15,                 0.0737,                      0,                      0,                    inf,                      0,              0.0080002,              0.0080002,              0.0080002
                    103,                   1.96,                 2.7088,                 1.6104,                 2.2517,                0.47099,                0.14818,                0.13918,                0.08135,                0.47043,                0.16859,                0.14656,                0.07046,                      0,                      0,                    inf,                      0,              0.0079804,              0.0079804,              0.0079804
                    104,                 2.0719,                 2.8475,                 1.5943,                 2.2332,                0.47099,                0.14818,                0.13918,                0.08135,                0.47043,                0.16859,                0.14656,                0.07044,                      0,                      0,                    inf,                      0,              0.0079606,              0.0079606,              0.0079606
                    105,                 2.1067,                 2.8016,                 1.6581,                 2.3126,                0.24106,                0.15931,                0.15805,                0.08717,                0.25953,                0.16373,                0.16402,                 0.0729,                      0,                      0,                    inf,                      0,              0.0079408,              0.0079408,              0.0079408
                    106,                  2.044,                 2.7032,                 1.6417,                 2.2435,                0.52398,                0.17192,                0.16491,                 0.0909,                0.53138,                0.19463,                0.18179,                0.08164,                      0,                      0,                    inf,                      0,               0.007921,               0.007921,               0.007921
                    107,                 1.9986,                 2.7823,                 1.6166,                 2.1639,                0.53259,                0.19012,                 0.1753,                0.09305,                 0.5624,                0.22072,                0.19892,                0.09144,                      0,                      0,                    inf,                      0,              0.0079012,              0.0079012,              0.0079012
                    108,                 1.9972,                 2.6405,                 1.5589,                 2.1419,                0.53259,                0.19012,                 0.1753,                0.09305,                 0.5571,                 0.2195,                 0.1974,                0.09117,                      0,                      0,                    inf,                      0,              0.0078814,              0.0078814,              0.0078814
                    109,                 2.0911,                 2.8086,                 1.5612,                 2.1561,                0.47318,                0.02606,                0.04416,                0.01763,                0.44336,                0.03534,                0.05602,                0.01971,                      0,                      0,                    inf,                      0,              0.0078616,              0.0078616,              0.0078616
                    110,                 1.9971,                  2.754,                 1.5188,                 2.1475,                0.49927,                0.19771,                0.17075,                0.07994,                0.53043,                0.25011,                0.20442,                0.09081,                      0,                      0,                    inf,                      0,              0.0078418,              0.0078418,              0.0078418
                    111,                 1.9544,                 2.7332,                 1.4903,                 2.0718,                0.58091,                0.14879,                0.16646,                0.07696,                0.50003,                0.23286,                0.18361,                0.07873,                      0,                      0,                    inf,                      0,               0.007822,               0.007822,               0.007822
                    112,                 2.1063,                 2.7791,                  1.639,                 2.2293,                0.20611,                 0.0329,                0.05281,                0.02254,                0.23424,                0.03714,                 0.0633,                0.02446,                      0,                      0,                    inf,                      0,              0.0078022,              0.0078022,              0.0078022
                    113,                 1.9813,                 2.5443,                 1.5718,                 2.1615,                0.16688,                 0.0329,                 0.0561,                0.02685,                0.21885,                0.04138,                0.07128,                0.02773,                      0,                      0,                    inf,                      0,              0.0077824,              0.0077824,              0.0077824
                    114,                 1.9842,                 2.6199,                 1.4957,                 2.1173,                0.34767,                0.02904,                0.05609,                0.02122,                0.17025,                0.05094,                0.07725,                0.02578,                      0,                      0,                    inf,                      0,              0.0077626,              0.0077626,              0.0077626
                    115,                 2.1481,                 2.4709,                  1.594,                 2.2149,                0.50647,                0.20031,                0.17961,                0.09165,                0.49399,                0.23695,                   0.19,                0.08747,                      0,                      0,                    inf,                      0,              0.0077428,              0.0077428,              0.0077428
                    116,                 1.9925,                 2.5665,                 1.4919,                 2.0699,                0.20959,                 0.0329,                0.05494,                0.02527,                0.23828,                0.03502,                0.05388,                0.02364,                      0,                      0,                    inf,                      0,               0.007723,               0.007723,               0.007723
                    117,                 1.9572,                 2.5325,                  1.447,                 2.0452,                0.34247,                0.17491,                0.16939,                0.08513,                 0.2854,                0.23966,                0.20249,                0.08271,                      0,                      0,                    inf,                      0,              0.0077032,              0.0077032,              0.0077032
                    118,                 2.0674,                 2.4109,                 1.5438,                 2.1328,                0.49766,                0.17133,                 0.1629,                0.08035,                0.52457,                0.23021,                0.19557,                0.08694,                      0,                      0,                    inf,                      0,              0.0076834,              0.0076834,              0.0076834
                    119,                 2.1272,                 2.6768,                 1.5741,                 2.1391,                0.37511,                0.14451,                0.16788,                0.08537,                0.32104,                0.25159,                0.22361,                0.09168,                      0,                      0,                    inf,                      0,              0.0076636,              0.0076636,              0.0076636
                    120,                 2.0834,                 2.6285,                  1.448,                 2.0475,                0.37511,                0.14451,                0.16788,                0.08537,                   0.32,                0.25069,                0.22353,                0.09205,                      0,                      0,                    inf,                      0,              0.0076438,              0.0076438,              0.0076438
                    121,                 2.0521,                 2.6389,                 1.4796,                 2.0809,                0.26634,                0.21777,                0.18957,                0.10143,                0.25178,                0.25437,                0.21666,                0.09704,                      0,                      0,                    inf,                      0,               0.007624,               0.007624,               0.007624
                    122,                 2.1144,                 2.5546,                 1.5746,                 2.1227,                0.30872,                0.19022,                0.18506,                0.09505,                0.26918,                0.26226,                 0.2246,                0.10115,                      0,                      0,                    inf,                      0,              0.0076042,              0.0076042,              0.0076042
                    123,                 1.9894,                 2.5421,                 1.4784,                 2.0191,                0.20564,                0.19726,                0.15672,                 0.0688,                0.24499,                0.22834,                0.18851,                0.07753,                      0,                      0,                    inf,                      0,              0.0075844,              0.0075844,              0.0075844
                    124,                  1.989,                 2.4125,                   1.45,                 2.0211,                 0.1855,                 0.1264,                 0.1067,                0.04537,                0.22492,                0.14089,                0.12691,                  0.052,                      0,                      0,                    inf,                      0,              0.0075646,              0.0075646,              0.0075646
                    125,                 2.0095,                 2.4077,                 1.4297,                 1.9627,                0.24635,                0.22817,                0.18867,                0.08798,                  0.286,                 0.2727,                 0.2327,                0.09938,                      0,                      0,                    inf,                      0,              0.0075448,              0.0075448,              0.0075448
                    126,                  1.993,                 2.5388,                 1.4983,                 2.0308,                0.26403,                0.21298,                0.17303,                0.07632,                0.28241,                0.24309,                0.20299,                  0.084,                      0,                      0,                    inf,                      0,               0.007525,               0.007525,               0.007525
                    127,                 2.1022,                 2.4833,                 1.4524,                 2.0157,                0.24356,                0.22923,                0.19357,                0.09196,                0.26285,                0.26429,                0.22606,                0.10428,                      0,                      0,                    inf,                      0,              0.0075052,              0.0075052,              0.0075052
                    128,                  1.922,                 2.4223,                  1.399,                 1.9357,                0.16555,                0.04837,                0.06888,                0.03017,                0.14587,                0.05081,                 0.0712,                0.03412,                      0,                      0,                    inf,                      0,              0.0074854,              0.0074854,              0.0074854
                    129,                 1.9399,                 2.3457,                 1.3759,                 1.9055,                0.33993,                0.24214,                0.21971,                0.11011,                0.30711,                0.28459,                0.24451,                0.11307,                      0,                      0,                    inf,                      0,              0.0074656,              0.0074656,              0.0074656
                    130,                 2.0406,                 2.4706,                  1.378,                 1.9413,                0.32419,                0.24795,                0.22566,                0.10476,                0.29868,                0.26403,                0.24302,                0.11086,                      0,                      0,                    inf,                      0,              0.0074458,              0.0074458,              0.0074458
                    131,                 1.9835,                 2.4528,                 1.3869,                 1.9001,                0.34299,                 0.2028,                0.21227,                0.10434,                0.39353,                0.25539,                0.25643,                0.11447,                      0,                      0,                    inf,                      0,               0.007426,               0.007426,               0.007426
                    132,                 2.0749,                 2.5092,                 1.4327,                 1.9873,                0.34299,                 0.2028,                0.21227,                0.10434,                0.39353,                0.25539,                0.25643,                0.11462,                      0,                      0,                    inf,                      0,              0.0074062,              0.0074062,              0.0074062
                    133,                  2.048,                 2.5496,                 1.4274,                 1.9301,                0.21685,                0.09222,                 0.1018,                0.05847,                0.24278,                0.12822,                0.13347,                0.06257,                      0,                      0,                    inf,                      0,              0.0073864,              0.0073864,              0.0073864
                    134,                 1.9247,                 2.4231,                 1.3158,                 1.8567,                 0.1546,                0.04397,                0.07055,                0.03016,                0.23758,                0.04891,                0.08581,                0.03757,                      0,                      0,                    inf,                      0,              0.0073666,              0.0073666,              0.0073666
                    135,                 1.8827,                  2.229,                  1.493,                  1.941,                0.30244,                0.22057,                0.22553,                0.11853,                0.32887,                0.30568,                0.27118,                0.12456,                      0,                      0,                    inf,                      0,              0.0073468,              0.0073468,              0.0073468
                    136,                 2.0715,                 2.5007,                 1.4672,                 1.9089,                0.30244,                0.22057,                0.22553,                0.11853,                0.32887,                0.30568,                0.27118,                0.12431,                      0,                      0,                    inf,                      0,               0.007327,               0.007327,               0.007327
                    137,                 1.9099,                   2.41,                 1.3775,                 1.8972,                0.18649,                0.04609,                 0.0746,                0.03645,                0.21492,                0.05155,                0.08417,                0.04181,                      0,                      0,                    inf,                      0,              0.0073072,              0.0073072,              0.0073072
                    138,                 1.9835,                 2.3518,                 1.3431,                 1.8924,                 0.3248,                0.22538,                0.22075,                0.11431,                0.33842,                0.28784,                0.26916,                0.13832,                      0,                      0,                    inf,                      0,              0.0072874,              0.0072874,              0.0072874
                    139,                 1.9611,                 2.3605,                 1.3349,                 1.8555,                0.30941,                0.25867,                0.23202,                0.11518,                0.32245,                0.27863,                0.25241,                0.12627,                      0,                      0,                    inf,                      0,              0.0072676,              0.0072676,              0.0072676
                    140,                 1.8892,                 2.1597,                  1.311,                 1.7947,                0.21421,                0.04487,                0.07673,                0.03713,                0.20874,                0.05351,                0.08653,                0.04139,                      0,                      0,                    inf,                      0,              0.0072478,              0.0072478,              0.0072478
                    141,                 1.8477,                 2.4196,                 1.3421,                 1.8118,                0.33703,                0.22724,                0.21873,                0.09547,                0.36861,                0.27908,                0.25973,                0.12237,                      0,                      0,                    inf,                      0,               0.007228,               0.007228,               0.007228
                    142,                 1.8453,                 2.3167,                 1.3591,                 1.8187,                 0.3561,                0.24063,                0.23902,                0.12088,                0.34092,                0.30016,                0.27634,                 0.1326,                      0,                      0,                    inf,                      0,              0.0072082,              0.0072082,              0.0072082
                    143,                  1.828,                  2.381,                 1.2918,                 1.7731,                0.39088,                0.22316,                0.23759,                0.11613,                0.37202,                0.27208,                0.27719,                0.12815,                      0,                      0,                    inf,                      0,              0.0071884,              0.0071884,              0.0071884
                    144,                  1.897,                 2.3953,                  1.322,                 1.8233,                0.39088,                0.22316,                0.23759,                0.11613,                0.37202,                0.27208,                0.27719,                0.12837,                      0,                      0,                    inf,                      0,              0.0071686,              0.0071686,              0.0071686
                    145,                 1.9078,                 2.3264,                 1.3179,                 1.7955,                0.37511,                0.22319,                0.23862,                0.12412,                0.36719,                0.27555,                0.28717,                 0.1433,                      0,                      0,                    inf,                      0,              0.0071488,              0.0071488,              0.0071488
                    146,                 1.9494,                  2.377,                 1.3189,                 1.8017,                0.34175,                0.27151,                0.25241,                0.11903,                0.38792,                0.26021,                0.26191,                0.12812,                      0,                      0,                    inf,                      0,               0.007129,               0.007129,               0.007129
                    147,                 1.8301,                 2.1974,                 1.3014,                 1.7892,                 0.3929,                0.26902,                0.26272,                0.13764,                0.39762,                0.29538,                 0.2914,                0.15129,                      0,                      0,                    inf,                      0,              0.0071092,              0.0071092,              0.0071092
                    148,                 1.9606,                 2.3117,                 1.3233,                  1.825,                 0.3929,                0.26902,                0.26272,                0.13764,                0.39762,                0.29538,                 0.2914,                0.15064,                      0,                      0,                    inf,                      0,              0.0070894,              0.0070894,              0.0070894
                    149,                 1.8853,                 2.4164,                 1.3083,                 1.8014,                0.33434,                0.22071,                0.22559,                0.09557,                 0.3781,                0.24768,                0.25148,                0.12038,                      0,                      0,                    inf,                      0,              0.0070696,              0.0070696,              0.0070696
                    150,                 1.8817,                 2.2372,                 1.3322,                 1.8103,                0.41001,                0.24474,                 0.2464,                0.12968,                0.44538,                0.28752,                0.29755,                0.15496,                      0,                      0,                    inf,                      0,              0.0070498,              0.0070498,              0.0070498
                    151,                 1.7953,                 2.2419,                 1.2647,                 1.7421,                 0.2638,                0.07771,                 0.0951,                0.04187,                0.26257,                0.08099,                0.09994,                0.04541,                      0,                      0,                    inf,                      0,                0.00703,                0.00703,                0.00703
                    152,                 1.8834,                 2.2087,                 1.2954,                 1.7757,                0.41623,                0.27907,                0.26332,                0.12133,                 0.4224,                0.28475,                 0.2741,                0.13349,                      0,                      0,                    inf,                      0,              0.0070102,              0.0070102,              0.0070102
                    153,                 1.8557,                 2.1892,                 1.2427,                 1.7485,                 0.3795,                0.25812,                0.26203,                0.13458,                0.41352,                0.29577,                0.30532,                0.14957,                      0,                      0,                    inf,                      0,              0.0069904,              0.0069904,              0.0069904
                    154,                 1.7994,                 2.1508,                 1.2516,                 1.7088,                0.27837,                0.04667,                0.08221,                 0.0391,                0.24244,                0.04983,                0.08516,                0.03869,                      0,                      0,                    inf,                      0,              0.0069706,              0.0069706,              0.0069706
                    155,                 1.7598,                 2.1311,                 1.2315,                 1.7421,                0.24489,                 0.0446,                0.07884,                0.03794,                0.27051,                0.04952,                0.08326,                0.04398,                      0,                      0,                    inf,                      0,              0.0069508,              0.0069508,              0.0069508
                    156,                 1.8011,                 2.2498,                 1.2189,                 1.7009,                0.60018,                0.28541,                 0.2594,                  0.138,                0.64731,                0.29023,                 0.2977,                0.15633,                      0,                      0,                    inf,                      0,               0.006931,               0.006931,               0.006931
                    157,                  1.826,                 2.1985,                 1.2747,                 1.7265,                0.38667,                0.27776,                0.26798,                0.12426,                 0.4026,                0.28684,                0.28266,                0.13194,                      0,                      0,                    inf,                      0,              0.0069112,              0.0069112,              0.0069112
                    158,                 1.8677,                 2.2389,                  1.237,                 1.7319,                0.38588,                0.27983,                0.27872,                0.13954,                 0.4091,                0.28401,                0.29357,                0.14898,                      0,                      0,                    inf,                      0,              0.0068914,              0.0068914,              0.0068914
                    159,                 1.8498,                 2.2138,                  1.267,                  1.739,                0.32729,                0.26866,                0.25554,                0.12904,                0.33433,                0.29375,                0.27014,                0.14086,                      0,                      0,                    inf,                      0,              0.0068716,              0.0068716,              0.0068716
                    160,                 1.8888,                 2.2207,                 1.2913,                 1.7076,                0.32729,                0.26866,                0.25554,                0.12904,                0.33433,                0.29375,                0.27014,                0.13996,                      0,                      0,                    inf,                      0,              0.0068518,              0.0068518,              0.0068518
                    161,                 1.8424,                 2.2373,                 1.2824,                 1.7419,                 0.3596,                0.29909,                0.27613,                0.13518,                0.37765,                 0.2853,                0.28576,                0.14331,                      0,                      0,                    inf,                      0,               0.006832,               0.006832,               0.006832
                    162,                 1.8347,                  2.254,                 1.2535,                 1.7348,                0.63994,                0.27451,                0.29233,                0.14563,                0.62103,                0.25341,                0.26587,                0.14007,                      0,                      0,                    inf,                      0,              0.0068122,              0.0068122,              0.0068122
                    163,                 1.7943,                  2.269,                 1.2194,                 1.6586,                 0.6623,                0.29099,                0.29515,                0.15425,                0.64236,                0.31181,                0.30705,                 0.1509,                      0,                      0,                    inf,                      0,              0.0067924,              0.0067924,              0.0067924
                    164,                 1.8427,                 2.2922,                 1.2285,                 1.6978,                0.23848,                0.05171,                 0.0844,                0.04189,                0.24963,                0.05703,                0.09009,                0.04044,                      0,                      0,                    inf,                      0,              0.0067726,              0.0067726,              0.0067726
                    165,                 1.9748,                 2.2985,                 1.3511,                 1.7754,                0.24617,                0.05171,                0.08283,                0.04375,                0.28229,                0.05871,                0.09633,                0.04562,                      0,                      0,                    inf,                      0,              0.0067528,              0.0067528,              0.0067528
                    166,                 1.7418,                 2.1314,                 1.2117,                  1.662,                0.36714,                0.30968,                0.30131,                0.15877,                0.40635,                0.30838,                0.32125,                0.16668,                      0,                      0,                    inf,                      0,               0.006733,               0.006733,               0.006733
                    167,                 1.7781,                 2.2223,                 1.2218,                 1.7042,                0.67645,                0.27309,                 0.3005,                0.15122,                0.61612,                0.31177,                0.30565,                0.15791,                      0,                      0,                    inf,                      0,              0.0067132,              0.0067132,              0.0067132
                    168,                 1.8789,                 2.1934,                 1.2697,                 1.7338,                0.67645,                0.27309,                 0.3005,                0.15122,                0.61612,                0.31177,                0.30565,                0.15808,                      0,                      0,                    inf,                      0,              0.0066934,              0.0066934,              0.0066934
                    169,                 1.8164,                 2.1652,                 1.2539,                 1.6517,                0.36262,                0.30017,                0.29615,                 0.1482,                0.39484,                0.31974,                0.31038,                0.16452,                      0,                      0,                    inf,                      0,              0.0066736,              0.0066736,              0.0066736
                    170,                 1.7246,                 2.1644,                 1.1977,                 1.6475,                0.67415,                 0.2934,                0.31043,                0.16887,                0.65457,                0.30126,                0.31165,                0.16733,                      0,                      0,                    inf,                      0,              0.0066538,              0.0066538,              0.0066538
                    171,                  1.785,                 2.1556,                 1.3382,                  1.755,                0.66105,                0.29276,                0.29292,                 0.1572,                0.62532,                   0.33,                0.32187,                0.17017,                      0,                      0,                    inf,                      0,               0.006634,               0.006634,               0.006634
                    172,                 1.7611,                 2.0975,                 1.2399,                 1.7214,                0.66105,                0.29276,                0.29292,                 0.1572,                0.62532,                   0.33,                0.32187,                0.16998,                      0,                      0,                    inf,                      0,              0.0066142,              0.0066142,              0.0066142
                    173,                 1.6454,                 2.0789,                 1.1521,                 1.5656,                0.23494,                0.05261,                0.08665,                 0.0469,                0.32198,                0.04698,                0.08109,                0.04616,                      0,                      0,                    inf,                      0,              0.0065944,              0.0065944,              0.0065944
                    174,                 1.6352,                 2.2366,                 1.1368,                 1.5712,                0.29807,                0.05171,                 0.0839,                0.04205,                0.32718,                0.05351,                 0.0856,                0.04372,                      0,                      0,                    inf,                      0,              0.0065746,              0.0065746,              0.0065746
                    175,                  1.755,                 2.1959,                 1.1335,                 1.6027,                0.67327,                 0.3037,                0.30913,                0.16811,                0.67412,                 0.3009,                0.29936,                0.15695,                      0,                      0,                    inf,                      0,              0.0065548,              0.0065548,              0.0065548
                    176,                 1.8629,                 2.2422,                 1.2391,                 1.7285,                0.67327,                 0.3037,                0.30913,                0.16811,                0.67412,                 0.3009,                0.29936,                0.15719,                      0,                      0,                    inf,                      0,               0.006535,               0.006535,               0.006535
                    177,                 1.7152,                 2.1625,                 1.2484,                 1.6798,                0.66812,                0.29452,                0.28395,                0.15789,                0.65991,                0.35207,                0.32514,                0.17073,                      0,                      0,                    inf,                      0,              0.0065152,              0.0065152,              0.0065152
                    178,                 1.8309,                 2.2226,                 1.2585,                 1.7426,                0.63357,                0.30526,                0.30169,                0.16621,                0.66725,                0.30586,                0.31023,                0.16445,                      0,                      0,                    inf,                      0,              0.0064954,              0.0064954,              0.0064954
                    179,                  1.683,                 2.1144,                  1.135,                 1.6254,                0.62972,                  0.265,                0.26611,                0.14346,                0.66165,                0.34765,                0.32671,                0.17281,                      0,                      0,                    inf,                      0,              0.0064756,              0.0064756,              0.0064756
                    180,                 1.7646,                  2.226,                 1.1494,                 1.6177,                0.62972,                  0.265,                0.26611,                0.14346,                0.66165,                0.34765,                0.32728,                0.17237,                      0,                      0,                    inf,                      0,              0.0064558,              0.0064558,              0.0064558
                    181,                 1.7248,                 2.0356,                 1.3243,                 1.6428,                0.64397,                0.30845,                0.30311,                0.16012,                0.65283,                0.32017,                0.31824,                0.16548,                      0,                      0,                    inf,                      0,               0.006436,               0.006436,               0.006436
                    182,                 1.6872,                 2.2111,                 1.1788,                 1.6172,                0.62901,                0.31777,                0.30678,                0.16083,                0.62318,                0.33665,                0.33018,                0.16969,                      0,                      0,                    inf,                      0,              0.0064162,              0.0064162,              0.0064162
                    183,                 1.7522,                  2.167,                 1.2249,                 1.7431,                0.65191,                0.29518,                0.31565,                0.17978,                 0.6124,                0.33257,                0.32969,                0.18667,                      0,                      0,                    inf,                      0,              0.0063964,              0.0063964,              0.0063964
                    184,                 1.7379,                 2.1115,                 1.1759,                  1.619,                0.65191,                0.29518,                0.31565,                0.17978,                 0.6124,                0.33257,                0.32969,                0.18626,                      0,                      0,                    inf,                      0,              0.0063766,              0.0063766,              0.0063766
                    185,                 1.5991,                 2.2097,                 1.1318,                 1.5674,                0.38091,                0.31287,                0.31398,                0.16624,                0.38199,                0.35031,                0.33693,                0.17937,                      0,                      0,                    inf,                      0,              0.0063568,              0.0063568,              0.0063568
                    186,                 1.6681,                 2.1469,                  1.094,                 1.5428,                0.65822,                 0.3038,                0.31198,                0.17805,                0.65081,                0.34479,                0.33771,                0.18876,                      0,                      0,                    inf,                      0,               0.006337,               0.006337,               0.006337
                    187,                 1.5408,                 1.9955,                  1.115,                 1.5539,                0.38629,                0.30605,                0.31959,                0.16572,                0.38706,                0.31858,                0.32532,                0.18268,                      0,                      0,                    inf,                      0,              0.0063172,              0.0063172,              0.0063172
                    188,                  1.694,                 2.1099,                  1.154,                 1.6108,                0.38629,                0.30605,                0.31959,                0.16572,                0.38706,                0.31858,                0.32532,                0.18199,                      0,                      0,                    inf,                      0,              0.0062974,              0.0062974,              0.0062974
                    189,                 1.6118,                 2.1779,                  1.092,                 1.5471,                0.30753,                0.05383,                0.08928,                0.05075,                0.31815,                0.05473,                0.09055,                0.04825,                      0,                      0,                    inf,                      0,              0.0062776,              0.0062776,              0.0062776
                    190,                  1.687,                 1.9602,                  1.148,                 1.6099,                0.39152,                0.27665,                0.29347,                0.16541,                0.38715,                0.33917,                0.33444,                0.18865,                      0,                      0,                    inf,                      0,              0.0062578,              0.0062578,              0.0062578
                    191,                 1.7114,                 2.0518,                 1.0959,                 1.5776,                0.44844,                0.29413,                0.31319,                0.16636,                0.44904,                0.30165,                0.32534,                0.17649,                      0,                      0,                    inf,                      0,               0.006238,               0.006238,               0.006238
                    192,                 1.5794,                 2.0769,                 1.1235,                 1.5569,                0.44844,                0.29413,                0.31319,                0.16636,                0.44904,                0.30165,                0.32534,                0.17659,                      0,                      0,                    inf,                      0,              0.0062182,              0.0062182,              0.0062182
                    193,                 1.6192,                 2.0202,                 1.1212,                 1.5548,                 0.3261,                 0.1772,                0.17764,                 0.1027,                  0.352,                0.18702,                0.19473,                0.10895,                      0,                      0,                    inf,                      0,              0.0061984,              0.0061984,              0.0061984
                    194,                   1.67,                 2.1061,                 1.1688,                 1.6293,                0.69478,                0.27816,                0.30403,                0.15633,                0.68343,                 0.2962,                0.31187,                0.16585,                      0,                      0,                    inf,                      0,              0.0061786,              0.0061786,              0.0061786
                    195,                 1.5865,                  2.197,                 1.0976,                  1.555,                0.66918,                0.32527,                0.32276,                0.18841,                0.68087,                0.33867,                0.33689,                 0.2062,                      0,                      0,                    inf,                      0,              0.0061588,              0.0061588,              0.0061588
                    196,                 1.6755,                 2.1306,                  1.113,                 1.5268,                0.66918,                0.32527,                0.32276,                0.18841,                0.68087,                0.33867,                0.33708,                0.20602,                      0,                      0,                    inf,                      0,               0.006139,               0.006139,               0.006139
                    197,                 1.5883,                 1.9852,                 1.1088,                 1.5619,                0.65849,                0.32119,                 0.3158,                0.17777,                0.64306,                0.32627,                0.32025,                 0.1781,                      0,                      0,                    inf,                      0,              0.0061192,              0.0061192,              0.0061192
                    198,                 1.6587,                 2.1795,                 1.1125,                 1.5577,                0.65396,                 0.3205,                 0.3186,                0.18914,                0.66619,                0.33128,                0.33977,                0.20233,                      0,                      0,                    inf,                      0,              0.0060994,              0.0060994,              0.0060994
                    199,                 1.7782,                 2.2486,                  1.096,                 1.5635,                0.65768,                0.30945,                0.31934,                0.18685,                0.68462,                0.32781,                0.33522,                0.19478,                      0,                      0,                    inf,                      0,              0.0060796,              0.0060796,              0.0060796
                    200,                 1.6169,                 2.0539,                 1.0846,                 1.5543,                0.65768,                0.30945,                0.31934,                0.18685,                0.68462,                0.32781,                0.33522,                0.19523,                      0,                      0,                    inf,                      0,              0.0060598,              0.0060598,              0.0060598
                    201,                  1.551,                 1.9537,                 1.0337,                 1.5449,                0.39264,                0.31346,                0.30402,                0.17465,                0.40512,                0.32018,                0.32789,                0.19049,                      0,                      0,                    inf,                      0,                0.00604,                0.00604,                0.00604
                    202,                 1.5874,                 1.9948,                 1.0843,                 1.5259,                0.67771,                 0.3271,                0.33119,                0.18774,                0.68482,                0.32412,                0.33563,                0.19482,                      0,                      0,                    inf,                      0,              0.0060202,              0.0060202,              0.0060202
                    203,                 1.5593,                 1.9667,                 1.0619,                 1.5223,                0.64677,                0.32594,                0.32067,                0.18594,                0.64305,                0.34369,                0.33818,                0.20064,                      0,                      0,                    inf,                      0,              0.0060004,              0.0060004,              0.0060004
                    204,                 1.5661,                 2.0641,                 1.0701,                 1.5139,                0.31075,                0.05351,                0.08865,                0.04999,                0.30783,                0.05386,                0.08886,                0.05277,                      0,                      0,                    inf,                      0,              0.0059806,              0.0059806,              0.0059806
